Linguagem,Projeto,Numero de Tokens de Codigo Fonte (Excluindo Tokens de Comentario),Numero de Tokens apenas dos Comentarios,Numero Total de Tokens do Projeto,NTCF/NTTP (%),NTC/NTTP (%),Numero de Caracteres de Codigo Fonte (Excluindo Caracteres de Comentario),Numero de Caracteres apenas dos Comentarios,Numero Total de Carateres do Projeto,NCCF/NTCP (%),NCC/NTCP (%)
C,Airblader | i3,171182,89631,260813,65.63,34.37,701077,362338,1063415,65.93,34.07
C,alibaba | tengine,1236241,101066,1337307,92.44,7.56,4825615,356998,5182613,93.11,6.89
C,allinurl | goaccess,116281,54919,171200,67.92,32.08,399176,208772,607948,65.66,34.34
C,andlabs | libui,127113,22375,149488,85.03,14.97,476787,96169,572956,83.22,16.78
C,antirez | disque,311398,132901,444299,70.09,29.91,1157416,529780,1687196,68.60,31.40
C,antirez | kilo,6473,2483,8956,72.28,27.72,16810,9388,26198,64.17,35.83
C,antirez | redis,854025,353091,1207116,70.75,29.25,3090304,1362585,4452889,69.40,30.60
C,AppImage | AppImageKit,18036,6705,24741,72.90,27.10,74311,27630,101941,72.90,27.10
C,apple | darwin-xnu,5328794,2726502,8055296,66.15,33.85,21910087,11365291,33275378,65.84,34.16
C,apple | swift-corelibs-foundation,800212,813667,1613879,49.58,50.42,3944383,3260266,7204649,54.75,45.25
C,aquynh | capstone,370322,68531,438853,84.38,15.62,1546080,261303,1807383,85.54,14.46
C,arut | nginx-rtmp-module,130632,7166,137798,94.80,5.20,521125,28796,549921,94.76,5.24
C,awslabs | s2n,230115,74954,305069,75.43,24.57,1137727,305493,1443220,78.83,21.17
C,b4winckler | macvim,1606538,634840,2241378,71.68,28.32,5409886,2285852,7695738,70.30,29.70
C,bartobri | no-more-secrets,4874,2361,7235,67.37,32.63,17837,9557,27394,65.11,34.89
C,beanstalkd | beanstalkd,35666,5272,40938,87.12,12.88,104325,19858,124183,84.01,15.99
C,begeekmyfriend | yasea,540780,90918,631698,85.61,14.39,1794171,411902,2206073,81.33,18.67
C,bilibili | ijkplayer,902144,264434,1166578,77.33,22.67,4179508,1130727,5310235,78.71,21.29
C,borgbackup | borg,319133,137347,456480,69.91,30.09,1206093,641350,1847443,65.28,34.72
C,CameraKit | camerakit-android,13303,22537,35840,37.12,62.88,76665,93125,169790,45.15,54.85
C,cesanta | mongoose,6118065,3598213,9716278,62.97,37.03,23968106,18467035,42435141,56.48,43.52
C,cfenollosa | os-tutorial,24277,6775,31052,78.18,21.82,75121,26687,101808,73.79,26.21
C,chrismaltby | gb-studio,349067,55988,405055,86.18,13.82,923050,201123,1124173,82.11,17.89
C,citusdata | citus,347725,216426,564151,61.64,38.36,1863464,898991,2762455,67.46,32.54
C,clibs | clib,87413,25183,112596,77.63,22.37,392446,113343,505789,77.59,22.41
C,cloudwu | skynet,239677,60323,300000,79.89,20.11,695110,227145,922255,75.37,24.63
C,cmus | cmus,215521,51311,266832,80.77,19.23,750000,177531,927531,80.86,19.14
C,commaai | openpilot,933704,412343,1346047,69.37,30.63,3247766,1765530,5013296,64.78,35.22
C,contiki-os | contiki,1866142,2006536,3872678,48.19,51.81,7071339,7408388,14479727,48.84,51.16
C,coolwanglu | vim.js,1583034,624815,2207849,71.70,28.30,5314317,2242781,7557098,70.32,29.68
C,coturn | coturn,248073,35672,283745,87.43,12.57,1007333,163277,1170610,86.05,13.95
C,cstack | db_tutorial,4587,392,4979,92.13,7.87,20640,1505,22145,93.20,6.80
C,cuber | ngx_http_google_filter_module,8077,526,8603,93.89,6.11,30128,2312,32440,92.87,7.13
C,curl | curl,705982,396884,1102866,64.01,35.99,2818820,1611907,4430727,63.62,36.38
C,darlinghq | darling,739834,954485,1694319,43.67,56.33,3614515,4080558,7695073,46.97,53.03
C,davatorium | rofi,114040,40586,154626,73.75,26.25,450353,156482,606835,74.21,25.79
C,deepmind | lab,2083798,638204,2722002,76.55,23.45,7322179,2982747,10304926,71.06,28.94
C,DoubleLabyrinth | navicat-keygen,270269,126932,397201,68.04,31.96,1230333,537018,1767351,69.61,30.39
C,edenhill | librdkafka,400522,224483,625005,64.08,35.92,1794125,938485,2732610,65.66,34.34
C,emscripten-core | emscripten,5103536,1703493,6807029,74.97,25.03,18548079,7381954,25930033,71.53,28.47
C,erincatto | Box2D,306323,124324,430647,71.13,28.87,1357760,531161,1888921,71.88,28.12
C,esp8266 | Arduino,301719,397773,699492,43.13,56.87,1255723,1667137,2922860,42.96,57.04
C,espressif | arduino-esp32,383951,1020471,1404422,27.34,72.66,1754491,4148060,5902551,29.72,70.28
C,espressif | esp-idf,2784312,1501422,4285734,64.97,35.03,11815849,6947609,18763458,62.97,37.03
C,EZLippi | Tinyhttpd,2690,795,3485,77.19,22.81,7865,4508,12373,63.57,36.43
C,facebook | zstd,570811,210016,780827,73.10,26.90,2189053,958104,3147157,69.56,30.44
C,fastos | fastsocket,49223726,15813603,65037329,75.69,24.31,193080701,62505475,255586176,75.54,24.46
C,FFmpeg | FFmpeg,9353679,1321931,10675610,87.62,12.38,29183078,5203282,34386360,84.87,15.13
C,fogleman | Craft,1117051,651501,1768552,63.16,36.84,4725431,2689393,7414824,63.73,36.27
C,FreeRDP | FreeRDP,1884671,377509,2262180,83.31,16.69,8300319,1602845,9903164,83.81,16.19
C,gali8 | Tesseract-OCR-iOS,188034,104533,292567,64.27,35.73,744151,417441,1161592,64.06,35.94
C,gentilkiwi | mimikatz,1249845,850864,2100709,59.50,40.50,4723113,3455980,8179093,57.75,42.25
C,Genymobile | scrcpy,23033,11288,34321,67.11,32.89,103551,43937,147488,70.21,29.79
C,ggreer | the_silver_searcher,26816,4022,30838,86.96,13.04,99462,15808,115270,86.29,13.71
C,git | git,1387545,322916,1710461,81.12,18.88,5106013,1218479,6324492,80.73,19.27
C,git-up | GitUp,361600,737040,1098640,32.91,67.09,1720202,3123198,4843400,35.52,64.48
C,glfw | glfw,388646,125108,513754,75.65,24.35,1789882,560035,2349917,76.17,23.83
C,googlecreativelab | anypixel,342008,541332,883340,38.72,61.28,1438748,2249820,3688568,39.01,60.99
C,google | ios-webkit-debug-proxy,48970,8771,57741,84.81,15.19,160181,35799,195980,81.73,18.27
C,go-vgo | robotgo,106797,117333,224130,47.65,52.35,449136,473289,922425,48.69,51.31
C,grbl | grbl,23584,40607,64191,36.74,63.26,101416,172257,273673,37.06,62.94
C,greenplum-db | gpdb,5205133,2958879,8164012,63.76,36.24,21544799,11488126,33032925,65.22,34.78
C,h2o | h2o,1689324,257350,1946674,86.78,13.22,4858151,970278,5828429,83.35,16.65
C,haiwen | seafile,185904,22161,208065,89.35,10.65,759577,80404,839981,90.43,9.57
C,hak5darren | USB-Rubber-Ducky,633893,1073236,1707129,37.13,62.87,2864224,4390243,7254467,39.48,60.52
C,HandBrake | HandBrake,567757,135218,702975,80.76,19.24,2692603,598538,3291141,81.81,18.19
C,happyfish100 | fastdfs,258210,26281,284491,90.76,9.24,1309924,110239,1420163,92.24,7.76
C,hashcat | hashcat,948225,63519,1011744,93.72,6.28,4688830,265816,4954646,94.64,5.36
C,hishamhm | htop,99184,18381,117565,84.37,15.63,359287,74357,433644,82.85,17.15
C,huangz1990 | redis-3.0-annotated,443344,243191,686535,64.58,35.42,1481575,1102485,2584060,57.34,42.66
C,i3 | i3,167718,89277,256995,65.26,34.74,688979,360784,1049763,65.63,34.37
C,IAIK | meltdown,4056,1774,5830,69.57,30.43,15664,4589,20253,77.34,22.66
C,id-Software | DOOM,213480,78837,292317,73.03,26.97,665561,289321,954882,69.70,30.30
C,id-Software | Quake-III-Arena,1852344,538707,2391051,77.47,22.53,6310213,2588634,8898847,70.91,29.09
C,irungentoo | toxcore,209269,87874,297143,70.43,29.57,849433,344968,1194401,71.12,28.88
C,jarun | nnn,20574,4983,25557,80.50,19.50,60330,19781,80111,75.31,24.69
C,jedisct1 | libsodium,531715,17579,549294,96.80,3.20,4019690,66127,4085817,98.38,1.62
C,jemalloc | jemalloc,244037,54083,298120,81.86,18.14,1023186,221430,1244616,82.21,17.79
C,jgamblin | Mirai-Source-Code,50465,2762,53227,94.81,5.19,176507,10470,186977,94.40,5.60
C,JoeDog | siege,73979,29932,103911,71.19,28.81,229628,115162,344790,66.60,33.40
C,jonas | tig,477998,26144,504142,94.81,5.19,1830654,103783,1934437,94.63,5.37
C,jonls | redshift,23443,9310,32753,71.58,28.42,94456,40249,134705,70.12,29.88
C,jorisvink | kore,116414,15353,131767,88.35,11.65,442887,61939,504826,87.73,12.27
C,julycoding | The-Art-Of-Programming-By-July,29756,5245,35001,85.01,14.99,70378,30052,100430,70.08,29.92
C,kovidgoyal | kitty,1440281,87339,1527620,94.28,5.72,5929702,339273,6268975,94.59,5.41
C,krakjoe | pthreads,38755,13617,52372,74.00,26.00,181690,36444,218134,83.29,16.71
C,krallin | tini,4780,826,5606,85.27,14.73,16871,3132,20003,84.34,15.66
C,laruence | yaf,54879,26912,81791,67.10,32.90,253419,79331,332750,76.16,23.84
C,leandromoreira | ffmpeg-libav-tutorial,1764,695,2459,71.74,28.26,8355,4081,12436,67.18,32.82
C,libevent | libevent,315778,150728,466506,67.69,32.31,1245568,604482,1850050,67.33,32.67
C,libgit2 | libgit2,1164967,307710,1472677,79.11,20.89,5040368,1206234,6246602,80.69,19.31
C,libretro | RetroArch,5014621,1842858,6857479,73.13,26.87,25146551,7784680,32931231,76.36,23.64
C,libuv | libuv,350043,118541,468584,74.70,25.30,1322568,481943,1804511,73.29,26.71
C,libvips | libvips,651058,359848,1010906,64.40,35.60,3719819,1345320,5065139,73.44,26.56
C,liuliu | ccv,1589672,877910,2467582,64.42,35.58,5619338,3524416,9143754,61.46,38.54
C,lpereira | lwan,102460,29793,132253,77.47,22.53,373591,114303,487894,76.57,23.43
C,lz4 | lz4,91398,35773,127171,71.87,28.13,390631,165312,555943,70.26,29.74
C,machyve | xhyve,186393,86647,273040,68.27,31.73,660112,340033,1000145,66.00,34.00
C,marcobambini | gravity,133950,31087,165037,81.16,18.84,553778,125916,679694,81.47,18.53
C,MarlinFirmware | Marlin,243147,1131745,1374892,17.68,82.32,912551,5033846,5946397,15.35,84.65
C,martanne | vis,141040,25109,166149,84.89,15.11,502895,92536,595431,84.46,15.54
C,mattn | go-sqlite3,927446,810778,1738224,53.36,46.64,3086515,3269135,6355650,48.56,51.44
C,matz | streem,55996,3883,59879,93.52,6.48,167872,14467,182339,92.07,7.93
C,Meituan-Dianping | SQLAdvisor,3562933,467561,4030494,88.40,11.60,11318002,1806936,13124938,86.23,13.77
C,memcached | memcached,113273,28450,141723,79.93,20.07,430924,108594,539518,79.87,20.13
C,memononen | nanovg,132385,27490,159875,82.81,17.19,408526,116626,525152,77.79,22.21
C,micropython | micropython,1001477,948264,1949741,51.36,48.64,4184480,4227423,8411903,49.74,50.26
C,Microsoft | winfile,139588,62531,202119,69.06,30.94,541122,257183,798305,67.78,32.22
C,mjolnirapp | mjolnir,92401,28718,121119,76.29,23.71,262270,109734,372004,70.50,29.50
C,mozilla | mozjpeg,431171,147752,578923,74.48,25.52,1332282,593872,1926154,69.17,30.83
C,mpv-player | mpv,818970,208537,1027507,79.70,20.30,3025911,843637,3869548,78.20,21.80
C,mruby | mruby,226717,52841,279558,81.10,18.90,740849,171406,912255,81.21,18.79
C,nanomsg | nanomsg,132890,89397,222287,59.78,40.22,490443,405344,895787,54.75,45.25
C,nbs-system | naxsi,110882,16298,127180,87.19,12.81,332582,58157,390739,85.12,14.88
C,nelhage | reptyr,14265,5804,20069,71.08,28.92,50832,23743,74575,68.16,31.84
C,netdata | netdata,419342,88173,507515,82.63,17.37,1846204,284436,2130640,86.65,13.35
C,Netflix | dynomite,146394,50113,196507,74.50,25.50,529708,190628,720336,73.54,26.46
C,nginx | nginx,825924,50179,876103,94.27,5.73,3154332,188946,3343278,94.35,5.65
C,nmap | nmap,970253,710994,1681247,57.71,42.29,3348604,2870495,6219099,53.84,46.16
C,nodejs | http-parser,29064,5727,34791,83.54,16.46,123573,21807,145380,85.00,15.00
C,nodemcu | nodemcu-firmware,2210944,1173502,3384446,65.33,34.67,7864211,4824721,12688932,61.98,38.02
C,nonstriater | Learn-Algorithms,13516,3165,16681,81.03,18.97,38122,17114,55236,69.02,30.98
C,nothings | stb,530467,120613,651080,81.47,18.53,1795846,505848,2301694,78.02,21.98
C,numpy | numpy,1230054,554721,1784775,68.92,31.08,3168797,1998320,5167117,61.33,38.67
C,obsproject | obs-studio,1037349,381838,1419187,73.09,26.91,4807716,1592410,6400126,75.12,24.88
C,octalmage | robotjs,21488,14580,36068,59.58,40.42,81437,56450,137887,59.06,40.94
C,offensive-security | exploitdb,4070939,1087143,5158082,78.92,21.08,17419826,4159319,21579145,80.73,19.27
C,openresty | lua-nginx-module,216856,39201,256057,84.69,15.31,849361,121581,970942,87.48,12.52
C,openssl | openssl,2561578,471419,3032997,84.46,15.54,9641791,1850238,11492029,83.90,16.10
C,OpenVPN | openvpn,415895,160780,576675,72.12,27.88,1694938,669081,2364019,71.70,28.30
C,openwrt | openwrt,1041143,292801,1333944,78.05,21.95,4144091,1140416,5284507,78.42,21.58
C,orangeduck | Cello,88574,6028,94602,93.63,6.37,292525,23234,315759,92.64,7.36
C,pando-project | jerryscript,350237,208816,559053,62.65,37.35,1976238,875338,2851576,69.30,30.70
C,pbatard | rufus,457383,151140,608523,75.16,24.84,1792045,603196,2395241,74.82,25.18
C,pervognsen | bitwise,55323,979,56302,98.26,1.74,199882,2456,202338,98.79,1.21
C,philipl | pifs,2678,406,3084,86.84,13.16,7526,1652,9178,82.00,18.00
C,phpredis | phpredis,104127,30005,134132,77.63,22.37,418071,106077,524148,79.76,20.24
C,pjreddie | darknet,261206,30822,292028,89.45,10.55,706565,113046,819611,86.21,13.79
C,pocoproject | poco,2965120,1425788,4390908,67.53,32.47,9663410,5925690,15589100,61.99,38.01
C,postgres | postgres,4585639,2931780,7517419,61.00,39.00,18530459,11407107,29937566,61.90,38.10
C,Provenance-Emu | Provenance,15643324,1399884,17043208,91.79,8.21,43075276,5757562,48832838,88.21,11.79
C,Qihoo360 | Atlas,134145,49163,183308,73.18,26.82,565730,197287,763017,74.14,25.86
C,qmk | qmk_firmware,2411715,3352359,5764074,41.84,58.16,9044576,11125938,20170514,44.84,55.16
C,radare | radare2,4553484,732961,5286445,86.14,13.86,16301508,2955918,19257426,84.65,15.35
C,raspberrypi | linux,88597807,25110250,113708057,77.92,22.08,363550494,102160292,465710786,78.06,21.94
C,redis | hiredis,40674,16654,57328,70.95,29.05,136703,66372,203075,67.32,32.68
C,rhysd | vim.wasm,1798589,667626,2466215,72.93,27.07,6057563,2400435,8457998,71.62,28.38
C,rmtheis | tess-two,2235169,1394040,3629209,61.59,38.41,7427037,5177289,12604326,58.92,41.08
C,robertdavidgraham | masscan,195171,67082,262253,74.42,25.58,778865,333181,1112046,70.04,29.96
C,rofl0r | proxychains-ng,15590,1721,17311,90.06,9.94,51751,7615,59366,87.17,12.83
C,RPISEC | MBE,11551,2066,13617,84.83,15.17,48178,8537,56715,84.95,15.05
C,rswier | c4,6275,241,6516,96.30,3.70,12847,1066,13913,92.34,7.66
C,rui314 | 8cc,66875,4513,71388,93.68,6.32,187927,18003,205930,91.26,8.74
C,SamyPesse | How-to-Make-a-Computer-Operating-System,79540,18479,98019,81.15,18.85,281391,82921,364312,77.24,22.76
C,session-replay-tools | tcpcopy,43754,1561,45315,96.56,3.44,158895,6396,165291,96.13,3.87
C,shadowsocks | ChinaDNS,5829,383,6212,93.83,6.17,20680,1440,22120,93.49,6.51
C,shellphish | how2heap,8582,4690,13272,64.66,35.34,57635,17839,75474,76.36,23.64
C,skywind3000 | kcp,9441,2639,12080,78.15,21.85,28131,8526,36657,76.74,23.26
C,s-matyukevich | raspberry-pi-os,147465,65557,213022,69.23,30.77,432994,291793,724787,59.74,40.26
C,SoftEtherVPN | SoftEtherVPN,1610189,287701,1897890,84.84,15.16,5521093,1270507,6791600,81.29,18.71
C,spacehuhn | esp8266_deauther,613046,5334,618380,99.14,0.86,1562931,19036,1581967,98.80,1.20
C,sqlcipher | sqlcipher,1684015,887027,2571042,65.50,34.50,5443763,3537700,8981463,60.61,39.39
C,squeaky-pl | japronto,22584,3178,25762,87.66,12.34,89467,13620,103087,86.79,13.21
C,stanfordnlp | GloVe,10463,2724,13187,79.34,20.66,33158,11775,44933,73.79,26.21
C,stedolan | jq,125555,19243,144798,86.71,13.29,367604,72004,439608,83.62,16.38
C,sumatrapdfreader | sumatrapdf,2373939,915931,3289870,72.16,27.84,7693086,3774687,11467773,67.08,32.92
C,swaywm | sway,222909,15248,238157,93.60,6.40,957280,61832,1019112,93.93,6.07
C,systemd | systemd,2326146,334391,2660537,87.43,12.57,9033558,1340970,10374528,87.07,12.93
C,tbodt | ish,118207,10269,128476,92.01,7.99,393910,41589,435499,90.45,9.55
C,Tencent | matrix,791960,604945,1396905,56.69,43.31,3088072,2507437,5595509,55.19,44.81
C,Tencent | wcdb,1351698,1715693,3067391,44.07,55.93,5039000,6908178,11947178,42.18,57.82
C,Tencent | xLua,1410631,403765,1814396,77.75,22.25,4049682,1455942,5505624,73.56,26.44
C,timescale | timescaledb,178608,65200,243808,73.26,26.74,909494,274484,1183978,76.82,23.18
C,tmux | tmux,277287,57595,334882,82.80,17.20,927562,223514,1151076,80.58,19.42
C,torch | torch7,148247,13425,161672,91.70,8.30,488962,46254,535216,91.36,8.64
C,torvalds | linux,89942078,25210653,115152731,78.11,21.89,369132110,102848964,471981074,78.21,21.79
C,twitter | twemproxy,77911,22223,100134,77.81,22.19,256967,84680,341647,75.21,24.79
C,upx | upx,2334557,265833,2600390,89.78,10.22,3865982,965188,4831170,80.02,19.98
C,videolan | vlc,2582674,785433,3368107,76.68,23.32,10521478,4019153,14540631,72.36,27.64
C,visit1985 | mdp,12496,5245,17741,70.44,29.56,38167,20893,59060,64.62,35.38
C,vk-com | kphp-kdb,1895973,224910,2120883,89.40,10.60,6781071,904225,7685296,88.23,11.77
C,vmg | redcarpet,33683,7746,41429,81.30,18.70,98166,31272,129438,75.84,24.16
C,vurtun | nuklear,476878,103535,580413,82.16,17.84,1684765,473608,2158373,78.06,21.94
C,vysheng | tg,72111,3265,75376,95.67,4.33,289888,13162,303050,95.66,4.34
C,wangzheng0822 | algo,31106,3138,34244,90.84,9.16,87751,20927,108678,80.74,19.26
C,wg | wrk,26077,9056,35133,74.22,25.78,90985,35659,126644,71.84,28.16
C,wishstudio | flinux,124337,34534,158871,78.26,21.74,473513,128397,601910,78.67,21.33
C,wren-lang | wren,219526,83908,303434,72.35,27.65,854686,330457,1185143,72.12,27.88
C,Xfennec | progress,5336,1178,6514,81.92,18.08,19681,4626,24307,80.97,19.03
C,zfsonlinux | zfs,2123613,660434,2784047,76.28,23.72,6729065,2588881,9317946,72.22,27.78
C,ZipArchive | ZipArchive,51780,17335,69115,74.92,25.08,198352,71596,269948,73.48,26.52
C,zserge | webview,13465,332,13797,97.59,2.41,61034,1728,62762,97.25,2.75
C,bingoogolapple | BGAQRCode-Android,1622329,227200,1849529,87.72,12.28,4715234,903217,5618451,83.92,16.08
C,cinder | Cinder,3447288,1897165,5344453,64.50,35.50,12397412,7998965,20396377,60.78,39.22
C,google | oss-fuzz,157727,6126,163853,96.26,3.74,412179,25096,437275,94.26,5.74
C,kbengine | kbengine,8307285,2683077,10990362,75.59,24.41,27707696,11195521,38903217,71.22,28.78
C,google | brotli,825677,33818,859495,96.07,3.93,1556145,138763,1694908,91.81,8.19
C,DaveGamble | cJSON,76677,21717,98394,77.93,22.07,340564,88466,429030,79.38,20.62
C,mofarrell | p2pvc,36776,30228,67004,54.89,45.11,171218,130286,301504,56.79,43.21
C,zmap | zmap,82235,14681,96916,84.85,15.15,312960,58164,371124,84.33,15.67
